id,category,file_name,file_path
1-SportsAnalytics,SportsAnalytics,jsa_2019_5-4_jsa-5-4-jsa190290_jsa-5-jsa190290.pdf.txt,txt_clustering/SportsAnalytics/jsa_2019_5-4_jsa-5-4-jsa190290_jsa-5-jsa190290.pdf.txt
2-SportsAnalytics,SportsAnalytics,2018_eurovis_sportsstar.pdf.txt,txt_clustering/SportsAnalytics/2018_eurovis_sportsstar.pdf.txt
3-SportsAnalytics,SportsAnalytics,jsa_2019_5-3_jsa-5-3-jsa190242_jsa-5-jsa190242.pdf.txt,txt_clustering/SportsAnalytics/jsa_2019_5-3_jsa-5-3-jsa190242_jsa-5-jsa190242.pdf.txt
4-SportsAnalytics,SportsAnalytics,Miau2020_Article_OnTheAerodynamicFlowAroundACyc.pdf.txt,txt_clustering/SportsAnalytics/Miau2020_Article_OnTheAerodynamicFlowAroundACyc.pdf.txt
5-SportsAnalytics,SportsAnalytics,chung15knowledgeAssistedVideoOrganizationAnalytics.pdf.txt,txt_clustering/SportsAnalytics/chung15knowledgeAssistedVideoOrganizationAnalytics.pdf.txt
6-SportsAnalytics,SportsAnalytics,jsa_2019_5-1_jsa-5-1-jsa231_jsa-5-jsa231.pdf.txt,txt_clustering/SportsAnalytics/jsa_2019_5-1_jsa-5-1-jsa231_jsa-5-jsa231.pdf.txt
7-SportsAnalytics,SportsAnalytics,jsa-prepress_jsa--1--1-jsa200432_jsa--1-jsa200432.pdf.txt,txt_clustering/SportsAnalytics/jsa-prepress_jsa--1--1-jsa200432_jsa--1-jsa200432.pdf.txt
8-SportsAnalytics,SportsAnalytics,jsa_2016_2-2_jsa-2-2-jsa0021_jsa-2-jsa0021.pdf.txt,txt_clustering/SportsAnalytics/jsa_2016_2-2_jsa-2-2-jsa0021_jsa-2-jsa0021.pdf.txt
9-SportsAnalytics,SportsAnalytics,TechniqueToEncodeHeight.pdf.txt,txt_clustering/SportsAnalytics/TechniqueToEncodeHeight.pdf.txt
10-SportsAnalytics,SportsAnalytics,IceHockeyVisualization.pdf.txt,txt_clustering/SportsAnalytics/IceHockeyVisualization.pdf.txt
11-SportsAnalytics,SportsAnalytics,tennisvisualization.pdf.txt,txt_clustering/SportsAnalytics/tennisvisualization.pdf.txt
12-SportsAnalytics,SportsAnalytics,InteractiveVisSerialPeridicData.pdf.txt,txt_clustering/SportsAnalytics/InteractiveVisSerialPeridicData.pdf.txt
13-SportsAnalytics,SportsAnalytics,jsa_2020_6-1_jsa-6-1-jsa190420_jsa-6-jsa190420.pdf.txt,txt_clustering/SportsAnalytics/jsa_2020_6-1_jsa-6-1-jsa190420_jsa-6-jsa190420.pdf.txt
14-SportsAnalytics,SportsAnalytics,jsa-prepress_jsa--1--1-jsa200406_jsa--1-jsa200406.pdf.txt,txt_clustering/SportsAnalytics/jsa-prepress_jsa--1--1-jsa200406_jsa--1-jsa200406.pdf.txt
15-SportsAnalytics,SportsAnalytics,MachineLearningForTimeSeries.pdf.txt,txt_clustering/SportsAnalytics/MachineLearningForTimeSeries.pdf.txt
16-SportsAnalytics,SportsAnalytics,PedalingForcesVis16.pdf.txt,txt_clustering/SportsAnalytics/PedalingForcesVis16.pdf.txt
17-SportsAnalytics,SportsAnalytics,vmv16-sportvis.pdf.txt,txt_clustering/SportsAnalytics/vmv16-sportvis.pdf.txt
18-SportsAnalytics,SportsAnalytics,TMM_NBA.pdf.txt,txt_clustering/SportsAnalytics/TMM_NBA.pdf.txt
19-SportsAnalytics,SportsAnalytics,wood_visualization_2015Postprint.pdf.txt,txt_clustering/SportsAnalytics/wood_visualization_2015Postprint.pdf.txt
20-SportsAnalytics,SportsAnalytics,jsa_2016_2-2_jsa-2-2-jsa0022_jsa-2-jsa0022.pdf.txt,txt_clustering/SportsAnalytics/jsa_2016_2-2_jsa-2-2-jsa0022_jsa-2-jsa0022.pdf.txt
21-SportsAnalytics,SportsAnalytics,jsa_2020_6-1_jsa-6-1-jsa200370_jsa-6-jsa200370.pdf.txt,txt_clustering/SportsAnalytics/jsa_2020_6-1_jsa-6-1-jsa200370_jsa-6-jsa200370.pdf.txt
22-SportsAnalytics,SportsAnalytics,CityScopeAndorra.pdf.txt,txt_clustering/SportsAnalytics/CityScopeAndorra.pdf.txt
23-SportsAnalytics,SportsAnalytics,dietrich.pdf.txt,txt_clustering/SportsAnalytics/dietrich.pdf.txt
24-SportsAnalytics,SportsAnalytics,group_cycling.pdf.txt,txt_clustering/SportsAnalytics/group_cycling.pdf.txt
25-SportsAnalytics,SportsAnalytics,jsa_2020_6-1_jsa-6-1-jsa190314_jsa-6-jsa190314.pdf.txt,txt_clustering/SportsAnalytics/jsa_2020_6-1_jsa-6-1-jsa190314_jsa-6-jsa190314.pdf.txt
26-SportsAnalytics,SportsAnalytics,soccer.pdf.txt,txt_clustering/SportsAnalytics/soccer.pdf.txt
27-SportsAnalytics,SportsAnalytics,SAFEComprensiveDataVis.pdf.txt,txt_clustering/SportsAnalytics/SAFEComprensiveDataVis.pdf.txt
28-SportsAnalytics,SportsAnalytics,jsa_2020_6-1_jsa-6-1-jsa190348_jsa-6-jsa190348.pdf.txt,txt_clustering/SportsAnalytics/jsa_2020_6-1_jsa-6-1-jsa190348_jsa-6-jsa190348.pdf.txt
29-SportsAnalytics,SportsAnalytics,jsa_2019_5-4_jsa-5-4-jsa190281_jsa-5-jsa190281.pdf.txt,txt_clustering/SportsAnalytics/jsa_2019_5-4_jsa-5-4-jsa190281_jsa-5-jsa190281.pdf.txt
30-SharedBicycleSystems,SharedBicycleSystems,AnalysisofBSSbyClustering2017.pdf.txt,txt_clustering/SharedBicycleSystems/AnalysisofBSSbyClustering2017.pdf.txt
31-SharedBicycleSystems,SharedBicycleSystems,Studying_commuting_behaviours_using_collaborative_visual_analyics_v2__28replace_2871_29.pdf.txt,txt_clustering/SharedBicycleSystems/Studying_commuting_behaviours_using_collaborative_visual_analyics_v2__28replace_2871_29.pdf.txt
32-SharedBicycleSystems,SharedBicycleSystems,FromClustersToClusterExplanations2019.pdf.txt,txt_clustering/SharedBicycleSystems/FromClustersToClusterExplanations2019.pdf.txt
33-SharedBicycleSystems,SharedBicycleSystems,Clustrophile2_ClusterExploration_2018.pdf.txt,txt_clustering/SharedBicycleSystems/Clustrophile2_ClusterExploration_2018.pdf.txt
34-SharedBicycleSystems,SharedBicycleSystems,DiscoveringPatternsInTimeSeries2017.pdf.txt,txt_clustering/SharedBicycleSystems/DiscoveringPatternsInTimeSeries2017.pdf.txt
35-SharedBicycleSystems,SharedBicycleSystems,WoodVisualizingBicycleSharingMultipleChannels.pdf.txt,txt_clustering/SharedBicycleSystems/WoodVisualizingBicycleSharingMultipleChannels.pdf.txt
36-SharedBicycleSystems,SharedBicycleSystems,BikeSharingAtlas.pdf.txt,txt_clustering/SharedBicycleSystems/BikeSharingAtlas.pdf.txt
37-SharedBicycleSystems,SharedBicycleSystems,ParticipatoryAndPhysicalSensingUnderstandingUrbanNetworks2014.pdf.txt,txt_clustering/SharedBicycleSystems/ParticipatoryAndPhysicalSensingUnderstandingUrbanNetworks2014.pdf.txt
38-SharedBicycleSystems,SharedBicycleSystems,BikeSharingImpactsImplementation2015.pdf.txt,txt_clustering/SharedBicycleSystems/BikeSharingImpactsImplementation2015.pdf.txt
39-SharedBicycleSystems,SharedBicycleSystems,SpatialAnalysisBicycleFrequency.pdf.txt,txt_clustering/SharedBicycleSystems/SpatialAnalysisBicycleFrequency.pdf.txt
40-SharedBicycleSystems,SharedBicycleSystems,AnatomyofDailyUsageBikeSharingSystemsUrbcomp20_20.pdf.txt,txt_clustering/SharedBicycleSystems/AnatomyofDailyUsageBikeSharingSystemsUrbcomp20_20.pdf.txt
41-SharedBicycleSystems,SharedBicycleSystems,Maruotti-Time Varying clustering of multivariate longitudinal observations.pdf.txt,txt_clustering/SharedBicycleSystems/Maruotti-Time Varying clustering of multivariate longitudinal observations.pdf.txt
42-SharedBicycleSystems,SharedBicycleSystems,Time_Series_Clustering_A_Decade_Review.pdf.txt,txt_clustering/SharedBicycleSystems/Time_Series_Clustering_A_Decade_Review.pdf.txt
43-SharedBicycleSystems,SharedBicycleSystems,Models_for_Effective_Deployment_and_Redi.pdf.txt,txt_clustering/SharedBicycleSystems/Models_for_Effective_Deployment_and_Redi.pdf.txt
44-SharedBicycleSystems,SharedBicycleSystems,BicycleSharingSchemesMidgey2011.pdf.txt,txt_clustering/SharedBicycleSystems/BicycleSharingSchemesMidgey2011.pdf.txt
45-SharedBicycleSystems,SharedBicycleSystems,ExaminingTravelPatternsInBicycleSharingJTRG18Pre.pdf.txt,txt_clustering/SharedBicycleSystems/ExaminingTravelPatternsInBicycleSharingJTRG18Pre.pdf.txt
46-SharedBicycleSystems,SharedBicycleSystems,Bixi_transport_geography.pdf.txt,txt_clustering/SharedBicycleSystems/Bixi_transport_geography.pdf.txt
47-SharedBicycleSystems,SharedBicycleSystems,SensingAndPredictingThePulseOfTheCityIJCAI09_Bicing.pdf.txt,txt_clustering/SharedBicycleSystems/SensingAndPredictingThePulseOfTheCityIJCAI09_Bicing.pdf.txt
48-SharedBicycleSystems,SharedBicycleSystems,VisualAnalysisBikeSharingSystems.pdf.txt,txt_clustering/SharedBicycleSystems/VisualAnalysisBikeSharingSystems.pdf.txt
49-SharedBicycleSystems,SharedBicycleSystems,AnalyzingUserDestinationChoiceChicago_FinalVersion.pdf.txt,txt_clustering/SharedBicycleSystems/AnalyzingUserDestinationChoiceChicago_FinalVersion.pdf.txt
50-SharedBicycleSystems,SharedBicycleSystems,Serra-Characterization of time series for analyzing of the evolution of time series clusters.pdf.txt,txt_clustering/SharedBicycleSystems/Serra-Characterization of time series for analyzing of the evolution of time series clusters.pdf.txt
51-SharedBicycleSystems,SharedBicycleSystems,UnderstandingBikeSharingDataMining2014.pdf.txt,txt_clustering/SharedBicycleSystems/UnderstandingBikeSharingDataMining2014.pdf.txt
52-SharedBicycleSystems,SharedBicycleSystems,BicycleSharingSystemsDemand2014.pdf.txt,txt_clustering/SharedBicycleSystems/BicycleSharingSystemsDemand2014.pdf.txt
53-SharedBicycleSystems,SharedBicycleSystems,ComparativeAssessmentofPublicBSS2016.pdf.txt,txt_clustering/SharedBicycleSystems/ComparativeAssessmentofPublicBSS2016.pdf.txt
54-SharedBicycleSystems,SharedBicycleSystems,ComparingTemporalDeterminantsDocklessScooterShareAndBSS.pdf.txt,txt_clustering/SharedBicycleSystems/ComparingTemporalDeterminantsDocklessScooterShareAndBSS.pdf.txt
55-SharedBicycleSystems,SharedBicycleSystems,InvestigationWeatherCalendarEventsBSS.pdf.txt,txt_clustering/SharedBicycleSystems/InvestigationWeatherCalendarEventsBSS.pdf.txt
56-SharedBicycleSystems,SharedBicycleSystems,Gebhart-Noland2014_Article_TheImpactOfWeatherConditionsOn.pdf.txt,txt_clustering/SharedBicycleSystems/Gebhart-Noland2014_Article_TheImpactOfWeatherConditionsOn.pdf.txt
57-SharedBicycleSystems,SharedBicycleSystems,UnderstandingHierarchicalClusteringTR_2005-29.pdf.txt,txt_clustering/SharedBicycleSystems/UnderstandingHierarchicalClusteringTR_2005-29.pdf.txt
58-SharedBicycleSystems,SharedBicycleSystems,RomanillosZaltzAustwickEttemadeKruijfTR15.pdf.txt,txt_clustering/SharedBicycleSystems/RomanillosZaltzAustwickEttemadeKruijfTR15.pdf.txt
59-SharedBicycleSystems,SharedBicycleSystems,EfficientClusteringForOutlierDetection2011.pdf.txt,txt_clustering/SharedBicycleSystems/EfficientClusteringForOutlierDetection2011.pdf.txt
60-SharedBicycleSystems,SharedBicycleSystems,SpatioTemporalPatternsPublicBSSEffectWeather.pdf.txt,txt_clustering/SharedBicycleSystems/SpatioTemporalPatternsPublicBSSEffectWeather.pdf.txt
61-SharedBicycleSystems,SharedBicycleSystems,BalancingBiclycleSharingSystems.pdf.txt,txt_clustering/SharedBicycleSystems/BalancingBiclycleSharingSystems.pdf.txt
62-SharedBicycleSystems,SharedBicycleSystems,PredictionBicycleCounterData.pdf.txt,txt_clustering/SharedBicycleSystems/PredictionBicycleCounterData.pdf.txt
63-SharedBicycleSystems,SharedBicycleSystems,StationLevelDemandPredictionandVisToolBSS.pdf.txt,txt_clustering/SharedBicycleSystems/StationLevelDemandPredictionandVisToolBSS.pdf.txt
64-SharedBicycleSystems,SharedBicycleSystems,MiningBicycleSharingData2013.pdf.txt,txt_clustering/SharedBicycleSystems/MiningBicycleSharingData2013.pdf.txt
65-SharedBicycleSystems,SharedBicycleSystems,HealthEffectsLondonBicycleSharing.pdf.txt,txt_clustering/SharedBicycleSystems/HealthEffectsLondonBicycleSharing.pdf.txt
66-SharedBicycleSystems,SharedBicycleSystems,StructureOfSpatialNetworksandCommunitiesBSSjournal.pone.0074685.PDF.txt,txt_clustering/SharedBicycleSystems/StructureOfSpatialNetworksandCommunitiesBSSjournal.pone.0074685.PDF.txt
67-SharedBicycleSystems,SharedBicycleSystems,Measuring_the_Pulse_of_the_City_through_Shared_Bic.pdf.txt,txt_clustering/SharedBicycleSystems/Measuring_the_Pulse_of_the_City_through_Shared_Bic.pdf.txt
68-SharedBicycleSystems,SharedBicycleSystems,BicycleSharingTripPrediction2016.pdf.txt,txt_clustering/SharedBicycleSystems/BicycleSharingTripPrediction2016.pdf.txt
69-SharedBicycleSystems,SharedBicycleSystems,Sartorico-Dynamic CLustering of Time Series Data.pdf.txt,txt_clustering/SharedBicycleSystems/Sartorico-Dynamic CLustering of Time Series Data.pdf.txt
70-SharedBicycleSystems,SharedBicycleSystems,Theimpactofapublicbicycle-sharingsystemonurbanpublic.pdf.txt,txt_clustering/SharedBicycleSystems/Theimpactofapublicbicycle-sharingsystemonurbanpublic.pdf.txt
71-SharedBicycleSystems,SharedBicycleSystems,El-Assi2017_Article_EffectsOfBuiltEnvironmentAndWe.pdf.txt,txt_clustering/SharedBicycleSystems/El-Assi2017_Article_EffectsOfBuiltEnvironmentAndWe.pdf.txt
72-SharedBicycleSystems,SharedBicycleSystems,UrbanMobilityDemandProfiles.pdf.txt,txt_clustering/SharedBicycleSystems/UrbanMobilityDemandProfiles.pdf.txt
73-SharedBicycleSystems,SharedBicycleSystems,BalancingBicycleSharingDynamickloimuellner-14.pdf.txt,txt_clustering/SharedBicycleSystems/BalancingBicycleSharingDynamickloimuellner-14.pdf.txt
74-SharedBicycleSystems,SharedBicycleSystems,MiningBicycleSharingSystemsBATTY-JTG-2014.pdf.txt,txt_clustering/SharedBicycleSystems/MiningBicycleSharingSystemsBATTY-JTG-2014.pdf.txt
75-SharedBicycleSystems,SharedBicycleSystems,oppermann2017bikesharingatlas.pdf.txt,txt_clustering/SharedBicycleSystems/oppermann2017bikesharingatlas.pdf.txt
76-SharedBicycleSystems,SharedBicycleSystems,RoleofBicycleSharingInTheCityIrishExperience_2013.pdf.txt,txt_clustering/SharedBicycleSystems/RoleofBicycleSharingInTheCityIrishExperience_2013.pdf.txt
77-SharedBicycleSystems,SharedBicycleSystems,RegressionBasedEvalBicycleFlow.pdf.txt,txt_clustering/SharedBicycleSystems/RegressionBasedEvalBicycleFlow.pdf.txt
78-ImmersiveAnalyticsPapers,ImmersiveAnalyticsPapers,Dwyer_2018_IAI.pdf.txt,txt_clustering/ImmersiveAnalyticsPapers/Dwyer_2018_IAI.pdf.txt
79-ImmersiveAnalyticsPapers,ImmersiveAnalyticsPapers,imaxes.pdf.txt,txt_clustering/ImmersiveAnalyticsPapers/imaxes.pdf.txt
80-ImmersiveAnalyticsPapers,ImmersiveAnalyticsPapers,Cordeil2019IATK.pdf.txt,txt_clustering/ImmersiveAnalyticsPapers/Cordeil2019IATK.pdf.txt
81-ImmersiveAnalyticsPapers,ImmersiveAnalyticsPapers,Wang_2019_VBI.pdf.txt,txt_clustering/ImmersiveAnalyticsPapers/Wang_2019_VBI.pdf.txt
82-ImmersiveAnalyticsPapers,ImmersiveAnalyticsPapers,Bueschel_2018_IIA.pdf.txt,txt_clustering/ImmersiveAnalyticsPapers/Bueschel_2018_IIA.pdf.txt
83-ImmersiveAnalyticsPapers,ImmersiveAnalyticsPapers,1-s2.0-S002228361830696X-main.pdf.txt,txt_clustering/ImmersiveAnalyticsPapers/1-s2.0-S002228361830696X-main.pdf.txt
84-ImmersiveAnalyticsPapers,ImmersiveAnalyticsPapers,IA_1963-paper.pdf.txt,txt_clustering/ImmersiveAnalyticsPapers/IA_1963-paper.pdf.txt
85-ImmersiveAnalyticsPapers,ImmersiveAnalyticsPapers,Billinghurst2018_Chapter_CollaborativeImmersiveAnalytic.pdf.txt,txt_clustering/ImmersiveAnalyticsPapers/Billinghurst2018_Chapter_CollaborativeImmersiveAnalytic.pdf.txt
86-ImmersiveAnalyticsPapers,ImmersiveAnalyticsPapers,08614978.pdf.txt,txt_clustering/ImmersiveAnalyticsPapers/08614978.pdf.txt
87-ImmersiveAnalyticsPapers,ImmersiveAnalyticsPapers,Klamma2019_Chapter_ImmersiveCommunityAnalyticsFor.pdf.txt,txt_clustering/ImmersiveAnalyticsPapers/Klamma2019_Chapter_ImmersiveCommunityAnalyticsFor.pdf.txt
88-ImmersiveAnalyticsPapers,ImmersiveAnalyticsPapers,The_sensemaking_process_and_leverage_points_for_an.pdf.txt,txt_clustering/ImmersiveAnalyticsPapers/The_sensemaking_process_and_leverage_points_for_an.pdf.txt
89-ImmersiveAnalyticsPapers,ImmersiveAnalyticsPapers,Mr_DeMille.pdf.txt,txt_clustering/ImmersiveAnalyticsPapers/Mr_DeMille.pdf.txt
90-ImmersiveAnalyticsPapers,ImmersiveAnalyticsPapers,Gračanin2018_Chapter_ImmersionVersusEmbodimentEmbod.pdf.txt,txt_clustering/ImmersiveAnalyticsPapers/Gračanin2018_Chapter_ImmersionVersusEmbodimentEmbod.pdf.txt
91-ImmersiveAnalyticsPapers,ImmersiveAnalyticsPapers,Exploring_Parallel_Coordinates_Plots_in_Virtual_Reality.pdf.txt,txt_clustering/ImmersiveAnalyticsPapers/Exploring_Parallel_Coordinates_Plots_in_Virtual_Reality.pdf.txt
92-ImmersiveAnalyticsPapers,ImmersiveAnalyticsPapers,nospoon.pdf.txt,txt_clustering/ImmersiveAnalyticsPapers/nospoon.pdf.txt
93-ImmersiveAnalyticsPapers,ImmersiveAnalyticsPapers,immersive-collaborative-analysis--preprint.pdf.txt,txt_clustering/ImmersiveAnalyticsPapers/immersive-collaborative-analysis--preprint.pdf.txt
94-ImmersiveAnalyticsPapers,ImmersiveAnalyticsPapers,cga_evl_ia25years.pdf.txt,txt_clustering/ImmersiveAnalyticsPapers/cga_evl_ia25years.pdf.txt
95-ImmersiveAnalyticsPapers,ImmersiveAnalyticsPapers,brachytherapy.pdf.txt,txt_clustering/ImmersiveAnalyticsPapers/brachytherapy.pdf.txt
96-ImmersiveAnalyticsPapers,ImmersiveAnalyticsPapers,v37i3pp415-426.pdf.txt,txt_clustering/ImmersiveAnalyticsPapers/v37i3pp415-426.pdf.txt
97-AmbientOcclusion,AmbientOcclusion,ImageEnhancementbyUnsharpMaskingDepth.pdf.txt,txt_clustering/AmbientOcclusion/ImageEnhancementbyUnsharpMaskingDepth.pdf.txt
98-AmbientOcclusion,AmbientOcclusion,HAO.pdf.txt,txt_clustering/AmbientOcclusion/HAO.pdf.txt
99-AmbientOcclusion,AmbientOcclusion,Timmaraju_okstate_0664M_15506.pdf.txt,txt_clustering/AmbientOcclusion/Timmaraju_okstate_0664M_15506.pdf.txt
100-AmbientOcclusion,AmbientOcclusion,EfficientMethodsforAmbientLighting.pdf.txt,txt_clustering/AmbientOcclusion/EfficientMethodsforAmbientLighting.pdf.txt
101-AmbientOcclusion,AmbientOcclusion,DirectionalOcclusionShadingMovelDVR.pdf.txt,txt_clustering/AmbientOcclusion/DirectionalOcclusionShadingMovelDVR.pdf.txt
102-AmbientOcclusion,AmbientOcclusion,EfficientShadowsforGPUVolumeRC.pdf.txt,txt_clustering/AmbientOcclusion/EfficientShadowsforGPUVolumeRC.pdf.txt
103-AmbientOcclusion,AmbientOcclusion,10.1.1.390.2463.pdf.txt,txt_clustering/AmbientOcclusion/10.1.1.390.2463.pdf.txt
104-AmbientOcclusion,AmbientOcclusion,Doronin.pdf.txt,txt_clustering/AmbientOcclusion/Doronin.pdf.txt
105-AmbientOcclusion,AmbientOcclusion,MultilayerAO.pdf.txt,txt_clustering/AmbientOcclusion/MultilayerAO.pdf.txt
106-AmbientOcclusion,AmbientOcclusion,09052668.pdf.txt,txt_clustering/AmbientOcclusion/09052668.pdf.txt
107-AmbientOcclusion,AmbientOcclusion,AmbientOcclusionSATsCG.pdf.txt,txt_clustering/AmbientOcclusion/AmbientOcclusionSATsCG.pdf.txt
108-AmbientOcclusion,AmbientOcclusion,SSDO.pdf.txt,txt_clustering/AmbientOcclusion/SSDO.pdf.txt
109-AmbientOcclusion,AmbientOcclusion,ScreenSpaceAmbientOcclusionTemporalCoherence.pdf.txt,txt_clustering/AmbientOcclusion/ScreenSpaceAmbientOcclusionTemporalCoherence.pdf.txt
110-MolecularAndBioVis,MolecularAndBioVis,2013EasdonRMScbyResearch.pdf.txt,txt_clustering/MolecularAndBioVis/2013EasdonRMScbyResearch.pdf.txt
111-MolecularAndBioVis,MolecularAndBioVis,1-s2.0-S0010465509003452-main.pdf.txt,txt_clustering/MolecularAndBioVis/1-s2.0-S0010465509003452-main.pdf.txt
112-MolecularAndBioVis,MolecularAndBioVis,InstantVisCrowdedBiological.pdf.txt,txt_clustering/MolecularAndBioVis/InstantVisCrowdedBiological.pdf.txt
113-MolecularAndBioVis,MolecularAndBioVis,PhysicsBasedMolecularInteractionVis.pdf.txt,txt_clustering/MolecularAndBioVis/PhysicsBasedMolecularInteractionVis.pdf.txt
114-MolecularAndBioVis,MolecularAndBioVis,lispa-etal_2012.pdf.txt,txt_clustering/MolecularAndBioVis/lispa-etal_2012.pdf.txt
115-MolecularAndBioVis,MolecularAndBioVis,Genome approaches to resolving incongruence in mol. phylogenies.pdf.txt,txt_clustering/MolecularAndBioVis/Genome approaches to resolving incongruence in mol. phylogenies.pdf.txt
116-MolecularAndBioVis,MolecularAndBioVis,document.pdf.txt,txt_clustering/MolecularAndBioVis/document.pdf.txt
117-MolecularAndBioVis,MolecularAndBioVis,Ihaka.pdf.txt,txt_clustering/MolecularAndBioVis/Ihaka.pdf.txt
118-MolecularAndBioVis,MolecularAndBioVis,The-relation-between-visualization-size-grouping-and-user-performance.pdf.txt,txt_clustering/MolecularAndBioVis/The-relation-between-visualization-size-grouping-and-user-performance.pdf.txt
119-MolecularAndBioVis,MolecularAndBioVis,NISTIR-7537.pdf.txt,txt_clustering/MolecularAndBioVis/NISTIR-7537.pdf.txt
120-MolecularAndBioVis,MolecularAndBioVis,Inselberg-InfoVis97.pdf.txt,txt_clustering/MolecularAndBioVis/Inselberg-InfoVis97.pdf.txt
121-MolecularAndBioVis,MolecularAndBioVis,mdosao_s.pdf.txt,txt_clustering/MolecularAndBioVis/mdosao_s.pdf.txt
122-MolecularAndBioVis,MolecularAndBioVis,ci200217w.pdf.txt,txt_clustering/MolecularAndBioVis/ci200217w.pdf.txt
123-MolecularAndBioVis,MolecularAndBioVis,v27i3pp0935-0942.pdf.txt,txt_clustering/MolecularAndBioVis/v27i3pp0935-0942.pdf.txt
124-MolecularAndBioVis,MolecularAndBioVis,lemuzic-mindek-2016-viseq-Paper.pdf.txt,txt_clustering/MolecularAndBioVis/lemuzic-mindek-2016-viseq-Paper.pdf.txt
125-MolecularAndBioVis,MolecularAndBioVis,fekete_2008_value-of-infovis.pdf.txt,txt_clustering/MolecularAndBioVis/fekete_2008_value-of-infovis.pdf.txt
126-MolecularAndBioVis,MolecularAndBioVis,vad_viktor-2017-WVE-.pdf.txt,txt_clustering/MolecularAndBioVis/vad_viktor-2017-WVE-.pdf.txt
127-MolecularAndBioVis,MolecularAndBioVis,06155162.pdf.txt,txt_clustering/MolecularAndBioVis/06155162.pdf.txt
128-MolecularAndBioVis,MolecularAndBioVis,IV-W11-02-Perception.pdf.txt,txt_clustering/MolecularAndBioVis/IV-W11-02-Perception.pdf.txt
129-MolecularAndBioVis,MolecularAndBioVis,Brief Bioinform-2011-Chavent-bib_bbq089.pdf.txt,txt_clustering/MolecularAndBioVis/Brief Bioinform-2011-Chavent-bib_bbq089.pdf.txt
130-MolecularAndBioVis,MolecularAndBioVis,c4fd00005f.pdf.txt,txt_clustering/MolecularAndBioVis/c4fd00005f.pdf.txt
131-MolecularAndBioVis,MolecularAndBioVis,Visual Analysis of protein-ligand interactions.pdf.txt,txt_clustering/MolecularAndBioVis/Visual Analysis of protein-ligand interactions.pdf.txt
132-MolecularAndBioVis,MolecularAndBioVis,molva18a-sub1008-cam-i5.pdf.txt,txt_clustering/MolecularAndBioVis/molva18a-sub1008-cam-i5.pdf.txt
133-MolecularAndBioVis,MolecularAndBioVis,Early Experiences Porting the NAMD and VMD Molecular Simulation and Analysis Software to GPU-Accelerated OpenPOWER Platforms - Contribution.pdf.txt,txt_clustering/MolecularAndBioVis/Early Experiences Porting the NAMD and VMD Molecular Simulation and Analysis Software to GPU-Accelerated OpenPOWER Platforms - Contribution.pdf.txt
134-MolecularAndBioVis,MolecularAndBioVis,eurovis2015-STAR-molvis-public.pdf.txt,txt_clustering/MolecularAndBioVis/eurovis2015-STAR-molvis-public.pdf.txt
135-MolecularAndBioVis,MolecularAndBioVis,Furmanova2017.pdf.txt,txt_clustering/MolecularAndBioVis/Furmanova2017.pdf.txt
136-MolecularAndBioVis,MolecularAndBioVis,Bezerianos_2013_PAO.pdf.txt,txt_clustering/MolecularAndBioVis/Bezerianos_2013_PAO.pdf.txt
137-MolecularAndBioVis,MolecularAndBioVis,Healey_madai_july2013.pdf.txt,txt_clustering/MolecularAndBioVis/Healey_madai_july2013.pdf.txt
138-MolecularAndBioVis,MolecularAndBioVis,1873-3468.12778.pdf.txt,txt_clustering/MolecularAndBioVis/1873-3468.12778.pdf.txt
139-MolecularAndBioVis,MolecularAndBioVis,a5-knoll.pdf.txt,txt_clustering/MolecularAndBioVis/a5-knoll.pdf.txt
140-MolecularAndBioVis,MolecularAndBioVis,Abstractocyte-A-Visual-Tool-for-Exploring-Nanoscale-Astroglial-Cells.pdf.txt,txt_clustering/MolecularAndBioVis/Abstractocyte-A-Visual-Tool-for-Exploring-Nanoscale-Astroglial-Cells.pdf.txt
141-MolecularAndBioVis,MolecularAndBioVis,InstantRibbons.pdf.txt,txt_clustering/MolecularAndBioVis/InstantRibbons.pdf.txt
142-MolecularAndBioVis,MolecularAndBioVis,Brief Bioinform-2012-Krzywinski-627-44.pdf.txt,txt_clustering/MolecularAndBioVis/Brief Bioinform-2012-Krzywinski-627-44.pdf.txt
143-MolecularAndBioVis,MolecularAndBioVis,NAMD_goes_quantum_An_integrative_suite_for_hybrid_.pdf.txt,txt_clustering/MolecularAndBioVis/NAMD_goes_quantum_An_integrative_suite_for_hybrid_.pdf.txt
144-MolecularAndBioVis,MolecularAndBioVis,shen_paper.pdf.txt,txt_clustering/MolecularAndBioVis/shen_paper.pdf.txt
145-MolecularAndBioVis,MolecularAndBioVis,CAD_and_Graphics2015.pdf.txt,txt_clustering/MolecularAndBioVis/CAD_and_Graphics2015.pdf.txt
146-MolecularAndBioVis,MolecularAndBioVis,Bruckner-2019-DVM.pdf.txt,txt_clustering/MolecularAndBioVis/Bruckner-2019-DVM.pdf.txt
147-MolecularAndBioVis,MolecularAndBioVis,Sean_1.pdf.txt,txt_clustering/MolecularAndBioVis/Sean_1.pdf.txt
148-MolecularAndBioVis,MolecularAndBioVis,1758-2946-4-17.pdf.txt,txt_clustering/MolecularAndBioVis/1758-2946-4-17.pdf.txt
149-MolecularAndBioVis,MolecularAndBioVis,Viola_Ivan_2015_MCT-Paper.pdf.txt,txt_clustering/MolecularAndBioVis/Viola_Ivan_2015_MCT-Paper.pdf.txt
150-MolecularAndBioVis,MolecularAndBioVis,MoleCollar - EuroVis 2015.pdf.txt,txt_clustering/MolecularAndBioVis/MoleCollar - EuroVis 2015.pdf.txt
151-MolecularAndBioVis,MolecularAndBioVis,1029_CellView.pdf.txt,txt_clustering/MolecularAndBioVis/1029_CellView.pdf.txt
152-MolecularAndBioVis,MolecularAndBioVis,1-s2.0-S0010465511002086-main.pdf.txt,txt_clustering/MolecularAndBioVis/1-s2.0-S0010465511002086-main.pdf.txt
153-MolecularAndBioVis,MolecularAndBioVis,lemuzic-2014-ivm-paper.pdf.txt,txt_clustering/MolecularAndBioVis/lemuzic-2014-ivm-paper.pdf.txt
154-MolecularAndBioVis,MolecularAndBioVis,VoronoiPathsMolecules.pdf.txt,txt_clustering/MolecularAndBioVis/VoronoiPathsMolecules.pdf.txt
155-Rankings,Rankings,RankClocksbatty-nature-2006.pdf.txt,txt_clustering/Rankings/RankClocksbatty-nature-2006.pdf.txt
156-Rankings,Rankings,LineUp.pdf.txt,txt_clustering/Rankings/LineUp.pdf.txt
157-Rankings,Rankings,TopKubeDataCubeSpatioTemporal.pdf.txt,txt_clustering/Rankings/TopKubeDataCubeSpatioTemporal.pdf.txt
158-Rankings,Rankings,VisualExplorationofLatentRanking.pdf.txt,txt_clustering/Rankings/VisualExplorationofLatentRanking.pdf.txt
159-Rankings,Rankings,VisualSumaryOfTemporalEventData2017.pdf.txt,txt_clustering/Rankings/VisualSumaryOfTemporalEventData2017.pdf.txt
160-Rankings,Rankings,Han2019_Article_RankBrushersInteractiveAnalysi.pdf.txt,txt_clustering/Rankings/Han2019_Article_RankBrushersInteractiveAnalysi.pdf.txt
161-Rankings,Rankings,Possibilities of using Selected Visualization Methods for Historical Analysis of Sporting Event .pdf.txt,txt_clustering/Rankings/Possibilities of using Selected Visualization Methods for Historical Analysis of Sporting Event .pdf.txt
162-Rankings,Rankings,atableImprovingTemporalNavigationSoccerTables.pdf.txt,txt_clustering/Rankings/atableImprovingTemporalNavigationSoccerTables.pdf.txt
163-Rankings,Rankings,PodiumRankingDataVisualAnalyticsVAST17.pdf.txt,txt_clustering/Rankings/PodiumRankingDataVisualAnalyticsVAST17.pdf.txt
164-Rankings,Rankings,gapchart_GapsToVisualizeTempEvolAndRankScores.pdf.txt,txt_clustering/Rankings/gapchart_GapsToVisualizeTempEvolAndRankScores.pdf.txt
165-Rankings,Rankings,TrendsAndClustersInRankedTimeSeries.pdf.txt,txt_clustering/Rankings/TrendsAndClustersInRankedTimeSeries.pdf.txt
166-Rankings,Rankings,ranker.pdf.txt,txt_clustering/Rankings/ranker.pdf.txt
167-MobileRenderingPapers,MobileRenderingPapers,10.1.1.456.5627.pdf.txt,txt_clustering/MobileRenderingPapers/10.1.1.456.5627.pdf.txt
168-MobileRenderingPapers,MobileRenderingPapers,76b3b2f838dc90ebed3b64bd7e002610f8b8.pdf.txt,txt_clustering/MobileRenderingPapers/76b3b2f838dc90ebed3b64bd7e002610f8b8.pdf.txt
169-MobileRenderingPapers,MobileRenderingPapers,193979.pdf.txt,txt_clustering/MobileRenderingPapers/193979.pdf.txt
170-MobileRenderingPapers,MobileRenderingPapers,07111373.pdf.txt,txt_clustering/MobileRenderingPapers/07111373.pdf.txt
171-MobileRenderingPapers,MobileRenderingPapers,fe0a41bd375f80ed6cfd2ca8caf8927b8663.pdf.txt,txt_clustering/MobileRenderingPapers/fe0a41bd375f80ed6cfd2ca8caf8927b8663.pdf.txt
172-MobileRenderingPapers,MobileRenderingPapers,Investigating approaches to improving rendering performance of 3D city models on mobile devices.pdf.txt,txt_clustering/MobileRenderingPapers/Investigating approaches to improving rendering performance of 3D city models on mobile devices.pdf.txt
173-MobileRenderingPapers,MobileRenderingPapers,isvc2015.pdf.txt,txt_clustering/MobileRenderingPapers/isvc2015.pdf.txt
174-MobileRenderingPapers,MobileRenderingPapers,raycore.pdf.txt,txt_clustering/MobileRenderingPapers/raycore.pdf.txt
175-MobileRenderingPapers,MobileRenderingPapers,SIGGRAPH_TheChase.pdf.txt,txt_clustering/MobileRenderingPapers/SIGGRAPH_TheChase.pdf.txt
176-MobileRenderingPapers,MobileRenderingPapers,mobile-graphics.pdf.txt,txt_clustering/MobileRenderingPapers/mobile-graphics.pdf.txt
177-MobileRenderingPapers,MobileRenderingPapers,07852799.pdf.txt,txt_clustering/MobileRenderingPapers/07852799.pdf.txt
178-MobileRenderingPapers,MobileRenderingPapers,amrs.mgia2016.cready.pdf.txt,txt_clustering/MobileRenderingPapers/amrs.mgia2016.cready.pdf.txt
179-MobileRenderingPapers,MobileRenderingPapers,icce2017.wjlee.pdf.txt,txt_clustering/MobileRenderingPapers/icce2017.wjlee.pdf.txt
180-MobileRenderingPapers,MobileRenderingPapers,heller2016a.pdf.txt,txt_clustering/MobileRenderingPapers/heller2016a.pdf.txt
181-MobileRenderingPapers,MobileRenderingPapers,07579401.pdf.txt,txt_clustering/MobileRenderingPapers/07579401.pdf.txt
182-TransportVisualizationMethods,TransportVisualizationMethods,AnalysisofBSSbyClustering2017.pdf.txt,txt_clustering/TransportVisualizationMethods/AnalysisofBSSbyClustering2017.pdf.txt
183-TransportVisualizationMethods,TransportVisualizationMethods,Clustrophile2_ClusterExploration_2018.pdf.txt,txt_clustering/TransportVisualizationMethods/Clustrophile2_ClusterExploration_2018.pdf.txt
184-TransportVisualizationMethods,TransportVisualizationMethods,WoodVisualizingBicycleSharingMultipleChannels.pdf.txt,txt_clustering/TransportVisualizationMethods/WoodVisualizingBicycleSharingMultipleChannels.pdf.txt
185-TransportVisualizationMethods,TransportVisualizationMethods,BikeSharingAtlas.pdf.txt,txt_clustering/TransportVisualizationMethods/BikeSharingAtlas.pdf.txt
186-TransportVisualizationMethods,TransportVisualizationMethods,Xu2020_Article_VisualInteractiveExplorationAn.pdf.txt,txt_clustering/TransportVisualizationMethods/Xu2020_Article_VisualInteractiveExplorationAn.pdf.txt
187-TransportVisualizationMethods,TransportVisualizationMethods,ParticipatoryAndPhysicalSensingUnderstandingUrbanNetworks2014.pdf.txt,txt_clustering/TransportVisualizationMethods/ParticipatoryAndPhysicalSensingUnderstandingUrbanNetworks2014.pdf.txt
188-TransportVisualizationMethods,TransportVisualizationMethods,BikeSharingImpactsImplementation2015.pdf.txt,txt_clustering/TransportVisualizationMethods/BikeSharingImpactsImplementation2015.pdf.txt
189-TransportVisualizationMethods,TransportVisualizationMethods,SpatialAnalysisBicycleFrequency.pdf.txt,txt_clustering/TransportVisualizationMethods/SpatialAnalysisBicycleFrequency.pdf.txt
190-TransportVisualizationMethods,TransportVisualizationMethods,AnatomyofDailyUsageBikeSharingSystemsUrbcomp20_20.pdf.txt,txt_clustering/TransportVisualizationMethods/AnatomyofDailyUsageBikeSharingSystemsUrbcomp20_20.pdf.txt
191-TransportVisualizationMethods,TransportVisualizationMethods,Time_Series_Clustering_A_Decade_Review.pdf.txt,txt_clustering/TransportVisualizationMethods/Time_Series_Clustering_A_Decade_Review.pdf.txt
192-TransportVisualizationMethods,TransportVisualizationMethods,Models_for_Effective_Deployment_and_Redi.pdf.txt,txt_clustering/TransportVisualizationMethods/Models_for_Effective_Deployment_and_Redi.pdf.txt
193-TransportVisualizationMethods,TransportVisualizationMethods,Sun2019_Article_TZVisVisualAnalysisOfBicycleDa.pdf.txt,txt_clustering/TransportVisualizationMethods/Sun2019_Article_TZVisVisualAnalysisOfBicycleDa.pdf.txt
194-TransportVisualizationMethods,TransportVisualizationMethods,BicycleSharingSchemesMidgey2011.pdf.txt,txt_clustering/TransportVisualizationMethods/BicycleSharingSchemesMidgey2011.pdf.txt
195-TransportVisualizationMethods,TransportVisualizationMethods,ExaminingTravelPatternsInBicycleSharingJTRG18Pre.pdf.txt,txt_clustering/TransportVisualizationMethods/ExaminingTravelPatternsInBicycleSharingJTRG18Pre.pdf.txt
196-TransportVisualizationMethods,TransportVisualizationMethods,Bixi_transport_geography.pdf.txt,txt_clustering/TransportVisualizationMethods/Bixi_transport_geography.pdf.txt
197-TransportVisualizationMethods,TransportVisualizationMethods,VisualAnalysisBikeSharingSystems.pdf.txt,txt_clustering/TransportVisualizationMethods/VisualAnalysisBikeSharingSystems.pdf.txt
198-TransportVisualizationMethods,TransportVisualizationMethods,AnalyzingUserDestinationChoiceChicago_FinalVersion.pdf.txt,txt_clustering/TransportVisualizationMethods/AnalyzingUserDestinationChoiceChicago_FinalVersion.pdf.txt
199-TransportVisualizationMethods,TransportVisualizationMethods,UnderstandingBikeSharingDataMining2014.pdf.txt,txt_clustering/TransportVisualizationMethods/UnderstandingBikeSharingDataMining2014.pdf.txt
200-TransportVisualizationMethods,TransportVisualizationMethods,BicycleSharingSystemsDemand2014.pdf.txt,txt_clustering/TransportVisualizationMethods/BicycleSharingSystemsDemand2014.pdf.txt
201-TransportVisualizationMethods,TransportVisualizationMethods,ComparativeAssessmentofPublicBSS2016.pdf.txt,txt_clustering/TransportVisualizationMethods/ComparativeAssessmentofPublicBSS2016.pdf.txt
202-TransportVisualizationMethods,TransportVisualizationMethods,Studying_commuting_behaviours_using_collaborative_visual_analyics_v2_%28replace_2871%29.pdf.txt,txt_clustering/TransportVisualizationMethods/Studying_commuting_behaviours_using_collaborative_visual_analyics_v2_%28replace_2871%29.pdf.txt
203-TransportVisualizationMethods,TransportVisualizationMethods,ComparingTemporalDeterminantsDocklessScooterShareAndBSS.pdf.txt,txt_clustering/TransportVisualizationMethods/ComparingTemporalDeterminantsDocklessScooterShareAndBSS.pdf.txt
204-TransportVisualizationMethods,TransportVisualizationMethods,InvestigationWeatherCalendarEventsBSS.pdf.txt,txt_clustering/TransportVisualizationMethods/InvestigationWeatherCalendarEventsBSS.pdf.txt
205-TransportVisualizationMethods,TransportVisualizationMethods,Gebhart-Noland2014_Article_TheImpactOfWeatherConditionsOn.pdf.txt,txt_clustering/TransportVisualizationMethods/Gebhart-Noland2014_Article_TheImpactOfWeatherConditionsOn.pdf.txt
206-TransportVisualizationMethods,TransportVisualizationMethods,UnderstandingHierarchicalClusteringTR_2005-29.pdf.txt,txt_clustering/TransportVisualizationMethods/UnderstandingHierarchicalClusteringTR_2005-29.pdf.txt
207-TransportVisualizationMethods,TransportVisualizationMethods,Yan2018_Article_VisualAnalyticsOfBike-sharingD.pdf.txt,txt_clustering/TransportVisualizationMethods/Yan2018_Article_VisualAnalyticsOfBike-sharingD.pdf.txt
208-TransportVisualizationMethods,TransportVisualizationMethods,Dai2020_Article_VisualAnalyticsOfUrbanTranspor.pdf.txt,txt_clustering/TransportVisualizationMethods/Dai2020_Article_VisualAnalyticsOfUrbanTranspor.pdf.txt
209-TransportVisualizationMethods,TransportVisualizationMethods,SpatioTemporalPatternsPublicBSSEffectWeather.pdf.txt,txt_clustering/TransportVisualizationMethods/SpatioTemporalPatternsPublicBSSEffectWeather.pdf.txt
210-TransportVisualizationMethods,TransportVisualizationMethods,BalancingBiclycleSharingSystems.pdf.txt,txt_clustering/TransportVisualizationMethods/BalancingBiclycleSharingSystems.pdf.txt
211-TransportVisualizationMethods,TransportVisualizationMethods,PredictionBicycleCounterData.pdf.txt,txt_clustering/TransportVisualizationMethods/PredictionBicycleCounterData.pdf.txt
212-TransportVisualizationMethods,TransportVisualizationMethods,StationLevelDemandPredictionandVisToolBSS.pdf.txt,txt_clustering/TransportVisualizationMethods/StationLevelDemandPredictionandVisToolBSS.pdf.txt
213-TransportVisualizationMethods,TransportVisualizationMethods,MiningBicycleSharingData2013.pdf.txt,txt_clustering/TransportVisualizationMethods/MiningBicycleSharingData2013.pdf.txt
214-TransportVisualizationMethods,TransportVisualizationMethods,HealthEffectsLondonBicycleSharing.pdf.txt,txt_clustering/TransportVisualizationMethods/HealthEffectsLondonBicycleSharing.pdf.txt
215-TransportVisualizationMethods,TransportVisualizationMethods,StructureOfSpatialNetworksandCommunitiesBSSjournal.pone.0074685.PDF.txt,txt_clustering/TransportVisualizationMethods/StructureOfSpatialNetworksandCommunitiesBSSjournal.pone.0074685.PDF.txt
216-TransportVisualizationMethods,TransportVisualizationMethods,BicycleSharingTripPrediction2016.pdf.txt,txt_clustering/TransportVisualizationMethods/BicycleSharingTripPrediction2016.pdf.txt
217-TransportVisualizationMethods,TransportVisualizationMethods,Theimpactofapublicbicycle-sharingsystemonurbanpublic.pdf.txt,txt_clustering/TransportVisualizationMethods/Theimpactofapublicbicycle-sharingsystemonurbanpublic.pdf.txt
218-TransportVisualizationMethods,TransportVisualizationMethods,El-Assi2017_Article_EffectsOfBuiltEnvironmentAndWe.pdf.txt,txt_clustering/TransportVisualizationMethods/El-Assi2017_Article_EffectsOfBuiltEnvironmentAndWe.pdf.txt
219-TransportVisualizationMethods,TransportVisualizationMethods,UrbanMobilityDemandProfiles.pdf.txt,txt_clustering/TransportVisualizationMethods/UrbanMobilityDemandProfiles.pdf.txt
220-TransportVisualizationMethods,TransportVisualizationMethods,Shi2019_Article_FindingCommunitiesInBicycleSha.pdf.txt,txt_clustering/TransportVisualizationMethods/Shi2019_Article_FindingCommunitiesInBicycleSha.pdf.txt
221-TransportVisualizationMethods,TransportVisualizationMethods,BalancingBicycleSharingDynamickloimuellner-14.pdf.txt,txt_clustering/TransportVisualizationMethods/BalancingBicycleSharingDynamickloimuellner-14.pdf.txt
222-TransportVisualizationMethods,TransportVisualizationMethods,MiningBicycleSharingSystemsBATTY-JTG-2014.pdf.txt,txt_clustering/TransportVisualizationMethods/MiningBicycleSharingSystemsBATTY-JTG-2014.pdf.txt
223-TransportVisualizationMethods,TransportVisualizationMethods,oppermann2017bikesharingatlas.pdf.txt,txt_clustering/TransportVisualizationMethods/oppermann2017bikesharingatlas.pdf.txt
224-TransportVisualizationMethods,TransportVisualizationMethods,Sensing and Predicting the pulse of the City through Shared Bicycling.pdf.txt,txt_clustering/TransportVisualizationMethods/Sensing and Predicting the pulse of the City through Shared Bicycling.pdf.txt
225-TransportVisualizationMethods,TransportVisualizationMethods,Shi2019_Article_VisualExplorationOfMobilityDyn.pdf.txt,txt_clustering/TransportVisualizationMethods/Shi2019_Article_VisualExplorationOfMobilityDyn.pdf.txt
226-TransportVisualizationMethods,TransportVisualizationMethods,RegressionBasedEvalBicycleFlow.pdf.txt,txt_clustering/TransportVisualizationMethods/RegressionBasedEvalBicycleFlow.pdf.txt
